email,first_name,pictorial_date,Package
lstrothers0@vimeo.com,Lorilyn,8/31/2021,Package X
fbasnall1@g.co,Flory,8/11/2021,Package F
cvosse2@tinyurl.com,Cindee,10/18/2021,Package D
cfydoe3@xinhuanet.com,Cliff,3/26/2022,Package T
cschiesterl4@mashable.com,Cammy,5/18/2022,Package M
jcheal5@amazonaws.com,Johna,1/16/2022,Package O
gmoret6@vimeo.com,Garold,8/31/2021,Package M
cdrivers7@livejournal.com,Claybourne,3/28/2022,Package D
dpiele8@multiply.com,Doralyn,12/22/2021,Package I
pjahnel9@seattletimes.com,Polly,3/7/2022,Package D
vharversona@slashdot.org,Vinson,1/12/2022,Package N
nrubinowitzb@slideshare.net,Natalya,6/9/2022,Package Q
blightonc@networksolutions.com,Britt,11/11/2021,Package R
ccopingd@nasa.gov,Clarke,3/20/2022,Package Y
jpentycoste@eepurl.com,Jany,4/19/2022,Package K
imacaleesef@instagram.com,Ivory,7/10/2021,Package S
cericksseng@wsj.com,Charity,7/22/2021,Package N
dberrimanh@fc2.com,Danni,2/26/2022,Package B
egoodsali@yahoo.co.jp,Easter,4/6/2022,Package K
mmccomishj@e-recht24.de,Merilyn,4/14/2022,Package S
mholtonk@state.tx.us,Maddi,10/27/2021,Package W
hdeganl@qq.com,Hughie,1/9/2022,Package E
bspicerm@go.com,Brunhilde,5/9/2022,Package E
vgirardinin@army.mil,Vernice,12/24/2021,Package T
pkneveto@deliciousdays.com,Prudence,9/3/2021,Package F
vtheuffp@addtoany.com,Vivianna,2/8/2022,Package F
dclimerq@ezinearticles.com,Dionysus,3/26/2022,Package K
egatchelr@indiegogo.com,Eric,3/19/2022,Package X
tmillmores@twitter.com,Timothy,9/8/2021,Package V
brubket@sun.com,Brandon,3/22/2022,Package H
jpeartu@mtv.com,Juan,11/24/2021,Package X
rleonardv@acquirethisname.com,Rosamund,8/20/2021,Package D
gdownerw@europa.eu,Goran,4/20/2022,Package J
wshillinglawx@narod.ru,Wait,7/11/2021,Package P
rlawny@marriott.com,Rani,8/13/2021,Package P
vsizlandz@thetimes.co.uk,Vinson,6/19/2022,Package T
ptante10@goo.gl,Phillie,8/11/2021,Package C
lcotton11@yale.edu,Lorie,4/28/2022,Package P
lbarwack12@blog.com,Lesley,9/20/2021,Package J
bstouther13@free.fr,Bunny,1/4/2022,Package Q
ahawes14@narod.ru,Alyse,3/5/2022,Package G
shazleton15@disqus.com,Svend,6/2/2022,Package T
acory16@baidu.com,Andie,6/6/2022,Package G
cvarah17@china.com.cn,Cass,5/20/2022,Package X
clackmann18@sohu.com,Coralyn,12/17/2021,Package O
tsoppit19@so-net.ne.jp,Tibold,1/23/2022,Package P
adorcey1a@forbes.com,Amory,6/30/2022,Package A
jsancroft1b@51.la,Jenny,9/16/2021,Package I
clitton1c@bizjournals.com,Crissy,9/13/2021,Package G
cpeltzer1d@yellowbook.com,Cazzie,4/28/2022,Package T
blavrinov1e@oakley.com,Beitris,12/16/2021,Package S
ddanelut1f@tinyurl.com,Dirk,11/5/2021,Package A
lwidd1g@prlog.org,Leyla,7/12/2021,Package E
rlabet1h@google.pl,Ricky,3/11/2022,Package L
vatter1i@amazon.co.jp,Valaree,1/13/2022,Package N
kovendon1j@surveymonkey.com,Kerry,2/6/2022,Package T
lferronet1k@alexa.com,Leonora,12/14/2021,Package Y
lplace1l@cam.ac.uk,Lynsey,9/11/2021,Package O
ofeatonby1m@google.nl,Orv,9/3/2021,Package J
mcodman1n@seesaa.net,Minor,1/28/2022,Package Y
fglenton1o@geocities.com,Frayda,5/30/2022,Package F
ctalloe1p@e-recht24.de,Ches,10/3/2021,Package E
emclugish1q@tripod.com,Elysha,11/13/2021,Package X
kcorsor1r@lulu.com,Kamila,6/12/2022,Package I
adeleon1s@is.gd,Amandi,9/24/2021,Package M
kberrisford1t@chron.com,Kessiah,7/10/2021,Package J
ccable1u@google.ca,Clio,12/1/2021,Package J
bclinton1v@newsvine.com,Broderic,12/20/2021,Package E
estiebler1w@sina.com.cn,Evelin,9/1/2021,Package M
fvidean1x@booking.com,Fons,10/22/2021,Package P
mhebblewhite1y@reuters.com,Meris,9/18/2021,Package V
awehden1z@ucla.edu,Alejoa,11/2/2021,Package C
rwoodnutt20@toplist.cz,Rodolph,4/23/2022,Package U
bschieferstein21@apple.com,Betteanne,12/4/2021,Package V
tagget22@typepad.com,Tully,4/5/2022,Package N
iacland23@independent.co.uk,Isa,10/15/2021,Package O
dlivens24@tripod.com,Dino,6/15/2022,Package G
jswyndley25@umich.edu,Janaya,9/9/2021,Package H
vkesby26@wp.com,Vassili,4/13/2022,Package L
jhuyhton27@twitpic.com,Johnette,6/12/2022,Package N
ljaimez28@cisco.com,Leesa,5/31/2022,Package D
zsemper29@google.fr,Zia,1/5/2022,Package P
eelcox2a@merriam-webster.com,Ernesto,4/5/2022,Package A
gdrable2b@naver.com,Gilburt,8/3/2021,Package A
molczyk2c@woothemes.com,Maritsa,2/22/2022,Package E
orudiger2d@deliciousdays.com,Olva,4/23/2022,Package A
tpawlowicz2e@dropbox.com,Theresita,9/16/2021,Package G
hcoke2f@xing.com,Harbert,4/22/2022,Package M
mclaiden2g@berkeley.edu,Mordy,4/25/2022,Package V
nguerreiro2h@marketwatch.com,Nickolaus,9/9/2021,Package P
mgebb2i@eventbrite.com,Mendy,10/26/2021,Package A
geastcourt2j@histats.com,Grete,5/31/2022,Package G
cblazi2k@uiuc.edu,Cindy,4/14/2022,Package N
jbirkwood2l@simplemachines.org,Jennette,3/5/2022,Package E
dmingaye2m@weebly.com,Denney,12/17/2021,Package Z
kconquest2n@t-online.de,Kirsteni,2/14/2022,Package Q
hmelville2o@columbia.edu,Henry,4/12/2022,Package G
sfeldstein2p@google.co.uk,Sherwynd,11/27/2021,Package A
emeaders2q@theguardian.com,Emiline,1/16/2022,Package I
cadamsky2r@intel.com,Cobb,4/20/2022,Package J
ishephard2s@sbwire.com,Idalia,11/27/2021,Package U
htooting2t@apple.com,Hernando,6/27/2022,Package L
balbon2u@accuweather.com,Boniface,4/14/2022,Package J
elinster2v@fema.gov,Earvin,2/4/2022,Package P
tluckin2w@de.vu,Toby,5/15/2022,Package Z
jwellings2x@slate.com,Jessika,11/10/2021,Package O
imeates2y@privacy.gov.au,Isidro,11/6/2021,Package H
randraud2z@census.gov,Rodolphe,10/3/2021,Package B
bshorton30@mlb.com,Britteny,9/2/2021,Package N
ibrakespear31@dedecms.com,Isidore,2/26/2022,Package V
lkivits32@tumblr.com,Leia,1/15/2022,Package S
jpleaden33@usatoday.com,Jacquenetta,1/25/2022,Package W
efarahar34@google.ca,Erl,4/25/2022,Package L
aiacopo35@npr.org,Amalee,5/22/2022,Package S
hpockey36@t.co,Hanan,8/20/2021,Package W
clitchmore37@imageshack.us,Codi,11/2/2021,Package L
gmillott38@360.cn,Godart,12/12/2021,Package B
kmcgrah39@usatoday.com,Konstantin,3/9/2022,Package T
dlugg3a@trellian.com,Darby,11/18/2021,Package M
apetrushkevich3b@drupal.org,Ashia,10/31/2021,Package F
jolyhane3c@auda.org.au,Junina,9/25/2021,Package R
cdobney3d@drupal.org,Claretta,1/10/2022,Package Y
atrays3e@cafepress.com,Aleta,8/21/2021,Package T
amaccallum3f@google.it,Allyce,4/20/2022,Package K
bivison3g@oaic.gov.au,Bibbie,9/13/2021,Package M
aweekly3h@issuu.com,Alair,6/30/2022,Package I
ahanby3i@unblog.fr,Arthur,10/17/2021,Package A
gworden3j@bloglines.com,Gerald,9/27/2021,Package V
nmaillard3k@virginia.edu,Niccolo,8/24/2021,Package E
mlax3l@usa.gov,Morey,5/7/2022,Package E
slocke3m@indiatimes.com,Sal,12/27/2021,Package J
zgrogor3n@bloglines.com,Zacharia,6/15/2022,Package X
uroj3o@i2i.jp,Ursulina,4/13/2022,Package N
hcode3p@sohu.com,Hamnet,9/4/2021,Package L
jlehr3q@blogger.com,Jon,10/23/2021,Package D
tbartell3r@comsenz.com,Tammara,10/17/2021,Package W
lhallsworth3s@miibeian.gov.cn,Lacey,5/13/2022,Package U
rpakeman3t@scientificamerican.com,Rafe,1/11/2022,Package O
elambden3u@sitemeter.com,Ebeneser,5/5/2022,Package Z
fcromleholme3v@canalblog.com,Faunie,7/21/2021,Package B
esurmanwells3w@sciencedirect.com,Esta,1/17/2022,Package K
cslocumb3x@webnode.com,Cordell,6/10/2022,Package B
mmarshall3y@noaa.gov,Morly,10/12/2021,Package Y
ahyams3z@mozilla.org,Angele,7/10/2021,Package D
cdevillier40@sfgate.com,Cecile,10/1/2021,Package O
fskyrm41@independent.co.uk,Frants,8/12/2021,Package S
gkahan42@patch.com,Gilligan,4/25/2022,Package B
mhafford43@phpbb.com,Meghann,8/20/2021,Package T
rdufaire44@pagesperso-orange.fr,Regan,1/3/2022,Package Z
vhanley45@blogtalkradio.com,Vinita,7/7/2021,Package W
mpiner46@buzzfeed.com,Minette,1/17/2022,Package M
yricharson47@oracle.com,Yorke,9/3/2021,Package N
tepton48@europa.eu,Terrye,3/31/2022,Package P
jvakhlov49@pcworld.com,Jocelyne,5/7/2022,Package X
tmckendry4a@ted.com,Tyne,7/25/2021,Package V
lbakhrushkin4b@narod.ru,Leeanne,3/1/2022,Package D
nhotson4c@tinyurl.com,Nadia,5/18/2022,Package O
rgeorgel4d@tumblr.com,Rorie,3/5/2022,Package P
fdrynan4e@pbs.org,Finn,2/19/2022,Package C
iwollers4f@msn.com,Issie,7/16/2021,Package I
adawbery4g@techcrunch.com,Aarika,3/31/2022,Package K
akemmish4h@1und1.de,Almeda,11/2/2021,Package O
tacuna4i@wunderground.com,Tami,4/23/2022,Package O
tbrittin4j@youku.com,Trudie,7/11/2021,Package Z
mtruckell4k@about.me,Maurine,12/13/2021,Package B
tbrosius4l@123-reg.co.uk,Timmie,11/30/2021,Package K
drustidge4m@canalblog.com,Darrelle,10/5/2021,Package R
spitman4n@addtoany.com,Selia,8/25/2021,Package U
apottery4o@nymag.com,Alvie,5/26/2022,Package H
mchisholm4p@yellowbook.com,Margaretta,3/30/2022,Package J
lformoy4q@cafepress.com,Lindon,4/27/2022,Package K
cscamal4r@omniture.com,Constance,11/24/2021,Package U
mholley4s@ebay.com,Malia,11/22/2021,Package Y
amathewes4t@myspace.com,Andreana,3/15/2022,Package F
ghunter4u@github.io,Garrot,8/20/2021,Package L
dpaaso4v@biblegateway.com,Devina,8/28/2021,Package L
agreated4w@mail.ru,Aloin,9/27/2021,Package Y
fbrolly4x@flavors.me,Frederich,1/7/2022,Package Q
ctreble4y@squarespace.com,Conni,10/18/2021,Package C
hollivier4z@who.int,Hanni,11/27/2021,Package E
hmanlow50@jalbum.net,Hussein,5/22/2022,Package H
kandreix51@wix.com,Katherina,7/22/2021,Package T
jdonlon52@sohu.com,Jerrine,9/8/2021,Package X
jcoate53@ibm.com,Jaquenetta,3/31/2022,Package V
lsidlow54@woothemes.com,Lea,11/21/2021,Package D
atunny55@joomla.org,Anabel,6/9/2022,Package F
agrzegorek56@bluehost.com,Addie,6/18/2022,Package C
lbladon57@usgs.gov,Lucio,9/19/2021,Package I
rhalvorsen58@miitbeian.gov.cn,Rachele,11/13/2021,Package W
kblyden59@usnews.com,Kristy,6/18/2022,Package R
cholleworth5a@cnbc.com,Cinnamon,10/2/2021,Package W
hmoxstead5b@stanford.edu,Honey,11/19/2021,Package Q
efonzo5c@cbc.ca,Edgar,9/26/2021,Package C
lgreim5d@soup.io,Leanora,2/5/2022,Package U
hjohanning5e@livejournal.com,Hugh,11/12/2021,Package S
mdeller5f@soup.io,Murdoch,10/28/2021,Package D
mnulty5g@lulu.com,Malynda,8/25/2021,Package U
hqueyeiro5h@cdbaby.com,Helga,11/23/2021,Package O
bslite5i@census.gov,Benji,4/16/2022,Package C
jerratt5j@bing.com,Juliet,7/22/2021,Package Q
abohea5k@flickr.com,Augustina,6/26/2022,Package O
mdanilewicz5l@msn.com,Magda,8/19/2021,Package Z
pskilbeck5m@state.tx.us,Philis,4/28/2022,Package C
rsacaze5n@mozilla.com,Rosemary,6/24/2022,Package V
asanbrook5o@exblog.jp,Alix,3/27/2022,Package Z
mdurham5p@theglobeandmail.com,Marianna,11/14/2021,Package A
wstatton5q@hatena.ne.jp,Ward,1/10/2022,Package B
pohowbane5r@blogtalkradio.com,Pembroke,9/14/2021,Package S
aubsdell5s@woothemes.com,Adolph,12/23/2021,Package Q
wfitzsymonds5t@yale.edu,Welby,7/31/2021,Package C
gbuchan5u@va.gov,Grete,11/20/2021,Package B
sgorbell5v@taobao.com,Sammy,10/8/2021,Package W
bhalpen5w@narod.ru,Benson,2/10/2022,Package L
dpusey5x@chronoengine.com,Delainey,3/8/2022,Package S
gfrederick5y@about.me,Gardy,2/7/2022,Package P
dpennetti5z@answers.com,Danice,11/5/2021,Package M
tpoulter60@twitter.com,Tully,2/11/2022,Package Y
kgrundwater61@fda.gov,Keelia,8/22/2021,Package Y
ejowsey62@omniture.com,Ettie,10/3/2021,Package M
gwhieldon63@cyberchimps.com,Giavani,12/6/2021,Package A
abenton64@moonfruit.com,Alvis,3/3/2022,Package W
afishbourn65@prweb.com,Alameda,11/25/2021,Package E
ctrowill66@pen.io,Chevy,1/1/2022,Package C
fcoppock67@is.gd,Forster,9/14/2021,Package V
fsorro68@archive.org,Felisha,2/5/2022,Package G
tpolgreen69@yelp.com,Tiphanie,10/8/2021,Package I
scharity6a@businesswire.com,Sheela,6/14/2022,Package T
bbulloch6b@163.com,Brock,5/22/2022,Package J
scowlishaw6c@privacy.gov.au,Sallee,12/11/2021,Package U
pcroall6d@stanford.edu,Piggy,10/30/2021,Package Q
wsigfrid6e@clickbank.net,Wrennie,6/3/2022,Package R
fstubbeley6f@jalbum.net,Ferrell,11/8/2021,Package F
tsparsholt6g@histats.com,Tremain,9/1/2021,Package S
fschneidar6h@sitemeter.com,Ferdinande,2/1/2022,Package Q
dfordham6i@com.com,Dennison,10/6/2021,Package F
phearle6j@jigsy.com,Phyllys,5/21/2022,Package E
ltennant6k@godaddy.com,Lane,3/21/2022,Package K
abreddy6l@comcast.net,Amy,2/20/2022,Package C
acomerford6m@elpais.com,Abbot,10/4/2021,Package O
mbrockman6n@senate.gov,Marin,9/26/2021,Package K
pboutcher6o@cocolog-nifty.com,Parry,9/3/2021,Package X
pantonias6p@unc.edu,Peyton,11/10/2021,Package R
sknight6q@people.com.cn,Sibel,12/13/2021,Package W
fdorran6r@cdc.gov,Fitz,2/1/2022,Package K
jfairham6s@chronoengine.com,Jami,12/7/2021,Package P
smurgatroyd6t@mlb.com,Shanan,2/17/2022,Package R
cloverock6u@miibeian.gov.cn,Cristie,8/19/2021,Package U
fpedel6v@blog.com,Freddie,7/21/2021,Package F
rtytler6w@google.com.au,Rowney,9/2/2021,Package R
acaroll6x@dion.ne.jp,Arden,5/6/2022,Package O
ldrayn6y@nasa.gov,Lottie,10/30/2021,Package L
ifairchild6z@china.com.cn,Ives,3/8/2022,Package T
njaher70@npr.org,Noellyn,2/27/2022,Package W
hesson71@discovery.com,Hernando,1/22/2022,Package K
ebulger72@163.com,Evey,4/22/2022,Package K
ejaray73@eepurl.com,Elizabeth,3/21/2022,Package D
hbuchan74@lulu.com,Hernando,2/10/2022,Package H
hgoakes75@diigo.com,Hyacinth,10/10/2021,Package S
aroad76@bloglovin.com,Annemarie,2/8/2022,Package G
omosco77@uol.com.br,Ozzy,11/11/2021,Package V
ojirsa78@istockphoto.com,Olenka,2/23/2022,Package J
vhoneywood79@prweb.com,Valentijn,7/3/2022,Package T
ideclerq7a@163.com,Itch,2/9/2022,Package X
dgreenroa7b@barnesandnoble.com,Desirae,4/22/2022,Package H
emissenden7c@slashdot.org,Ettore,1/11/2022,Package X
challwell7d@cornell.edu,Conny,5/31/2022,Package K
vgrimsey7e@unblog.fr,Van,10/20/2021,Package W
bmaddams7f@furl.net,Barclay,10/17/2021,Package Z
dmacey7g@admin.ch,Dela,9/25/2021,Package T
itackle7h@unc.edu,Isabella,11/17/2021,Package J
agarrod7i@sitemeter.com,Arnoldo,1/20/2022,Package U
mwiffill7j@hostgator.com,Merle,10/17/2021,Package P
hkemmish7k@wix.com,Horatio,6/25/2022,Package Z
adomerq7l@qq.com,Adina,11/9/2021,Package A
bblayd7m@sitemeter.com,Broderic,5/25/2022,Package V
gthebe7n@mozilla.org,Gil,3/20/2022,Package P
jmoan7o@si.edu,Johnathan,3/13/2022,Package P
hlesarr7p@unblog.fr,Hatty,10/6/2021,Package X
bfridlington7q@trellian.com,Brenden,6/21/2022,Package Q
lnyssens7r@prlog.org,Laird,1/25/2022,Package H
pphaup7s@hibu.com,Pearla,3/16/2022,Package F
kboichat7t@theglobeandmail.com,Karim,4/10/2022,Package N
pridgwell7u@mit.edu,Patrice,1/13/2022,Package T
sfechnie7v@weebly.com,Silvester,4/25/2022,Package S
dmcneilley7w@t.co,Doreen,7/8/2021,Package W
mgallamore7x@icq.com,Margeaux,6/22/2022,Package V
wzavattari7y@istockphoto.com,Wit,8/27/2021,Package D
gchristmas7z@upenn.edu,Gerhard,3/2/2022,Package T
iniccolls80@stanford.edu,Irina,7/1/2022,Package G
fkilban81@census.gov,Frederic,6/15/2022,Package S
bvilliers82@statcounter.com,Burgess,4/3/2022,Package I
pbeedham83@businessinsider.com,Pascal,12/12/2021,Package Z
acicchillo84@sciencedaily.com,Adrea,3/22/2022,Package C
hkadwallider85@youtube.com,Helga,8/26/2021,Package K
sbellefonte86@meetup.com,Sybil,4/11/2022,Package K
dgledstane87@github.io,Daven,2/2/2022,Package H
ocoopland88@abc.net.au,Osbourne,5/1/2022,Package O
mcicchinelli89@furl.net,Maurene,5/15/2022,Package V
jheams8a@hc360.com,Jeffy,11/9/2021,Package M
pnoar8b@dyndns.org,Pooh,6/28/2022,Package X
rbear8c@about.me,Reginald,1/22/2022,Package I
mellerby8d@unesco.org,Moore,8/4/2021,Package H
kreddell8e@scientificamerican.com,Kingsly,4/3/2022,Package C
rsiveter8f@com.com,Riki,7/30/2021,Package K
loscandall8g@jimdo.com,Lita,4/19/2022,Package C
sgoforth8h@imageshack.us,Salomo,9/10/2021,Package P
bsecker8i@mapy.cz,Berty,7/27/2021,Package R
jgilyatt8j@archive.org,Juliane,9/29/2021,Package U
kmaron8k@tmall.com,Kaylee,12/14/2021,Package A
sshapiro8l@nifty.com,Sigismund,4/14/2022,Package A
echallener8m@aboutads.info,Emmi,12/31/2021,Package T
rrey8n@prlog.org,Roderick,11/17/2021,Package B
mbritney8o@prlog.org,Molli,4/27/2022,Package C
tisakov8p@canalblog.com,Tamma,2/7/2022,Package L
kraftery8q@amazon.com,Krista,8/16/2021,Package X
ldavydochkin8r@sciencedirect.com,Lulu,8/8/2021,Package M
siliff8s@ebay.com,Shaylynn,5/3/2022,Package Y
bgoly8t@europa.eu,Bernardina,8/30/2021,Package N
pkerfod8u@umn.edu,Philly,4/28/2022,Package B
alytell8v@biblegateway.com,Alexandro,6/14/2022,Package I
dscudders8w@exblog.jp,Doralynne,10/10/2021,Package G
rcalifornia8x@businessweek.com,Richardo,7/6/2021,Package K
kedmonson8y@cafepress.com,Krispin,4/27/2022,Package G
twhitton8z@ucoz.ru,Tully,4/23/2022,Package A
hpechard90@delicious.com,Hyacinthie,2/27/2022,Package V
spostans91@shinystat.com,Solly,2/16/2022,Package U
dmacscherie92@census.gov,Donielle,11/1/2021,Package Z
schasteney93@wordpress.com,Stella,10/21/2021,Package Z
lorwin94@answers.com,Lacee,9/27/2021,Package S
ldeller95@globo.com,Lexi,10/25/2021,Package U
aeustanch96@zimbio.com,Annetta,10/27/2021,Package E
gbacken97@drupal.org,Godfry,1/20/2022,Package I
ggarham98@pcworld.com,Godart,11/11/2021,Package L
cblundin99@dailymotion.com,Cornelia,12/6/2021,Package M
dhiscocks9a@mail.ru,Debora,8/26/2021,Package L
mkedward9b@hc360.com,Madge,7/22/2021,Package X
jwrankling9c@ocn.ne.jp,Jarid,12/27/2021,Package J
dlease9d@drupal.org,Daron,5/11/2022,Package X
bmaharg9e@bloglines.com,Bobbie,10/5/2021,Package Z
awhiley9f@alexa.com,Asher,9/9/2021,Package T
smccosh9g@bluehost.com,Stepha,2/24/2022,Package L
lgoodwell9h@yahoo.com,Lory,12/30/2021,Package T
ilum9i@feedburner.com,Israel,11/30/2021,Package V
ciacobacci9j@cbsnews.com,Chantal,12/27/2021,Package V
lsiegertsz9k@twitpic.com,Lucius,5/14/2022,Package P
lfoat9l@bizjournals.com,Lynea,3/18/2022,Package I
mapplewhaite9m@vkontakte.ru,Martin,5/29/2022,Package U
kwrey9n@utexas.edu,Kris,2/15/2022,Package D
mbehnen9o@earthlink.net,Myrtie,1/8/2022,Package W
eaxworthy9p@addthis.com,Eolanda,10/17/2021,Package C
bsleath9q@merriam-webster.com,Bibbie,3/10/2022,Package M
risack9r@reuters.com,Robin,11/2/2021,Package H
qnortham9s@tinyurl.com,Quinlan,2/17/2022,Package X
abeddoes9t@com.com,Aggi,7/31/2021,Package K
pspelsbury9u@timesonline.co.uk,Philippa,5/16/2022,Package C
lsever9v@goo.ne.jp,Loralee,11/26/2021,Package G
ebanks9w@google.nl,Edin,8/29/2021,Package F
cprangnell9x@shutterfly.com,Chrystel,12/12/2021,Package S
kocrevan9y@stumbleupon.com,Kev,2/17/2022,Package H
lwesthofer9z@pinterest.com,Laurella,4/18/2022,Package D
tlongthorna0@miitbeian.gov.cn,Towney,10/11/2021,Package F
owinleya1@odnoklassniki.ru,Ortensia,11/10/2021,Package Z
chuckfielda2@infoseek.co.jp,Clarette,2/7/2022,Package I
ethiesea3@sfgate.com,Emlynne,12/22/2021,Package W
gsomnera4@cloudflare.com,Gilligan,9/23/2021,Package W
sboseleya5@wunderground.com,Sarene,3/17/2022,Package Q
bmaccartana6@hibu.com,Bryn,10/18/2021,Package O
amilnesa7@ed.gov,Aldridge,12/2/2021,Package O
adeelaya8@live.com,Ansell,6/5/2022,Package O
dschonfeldera9@ustream.tv,Dominik,11/16/2021,Package B
khousbieaa@cyberchimps.com,Kev,10/27/2021,Package X
sgoundrillab@vk.com,Susanne,1/18/2022,Package T
gmucciac@cisco.com,Glyn,7/29/2021,Package O
gwannead@toplist.cz,Gwendolin,3/18/2022,Package I
gfranklenae@independent.co.uk,Georgeanna,12/17/2021,Package S
lannesaf@gov.uk,Linnea,10/28/2021,Package X
tsimcockag@theguardian.com,Tremayne,4/28/2022,Package V
mdeguiseah@imdb.com,Meaghan,7/2/2022,Package W
ltrembeyai@hao123.com,Lind,1/13/2022,Package L
friseboroughaj@thetimes.co.uk,Filbert,10/7/2021,Package P
mdukelowak@marketwatch.com,Marie,12/6/2021,Package Z
bcrosseal@godaddy.com,Barry,8/8/2021,Package D
akrikorianam@nationalgeographic.com,Alon,10/22/2021,Package M
vvanweedenburgan@wisc.edu,Viva,12/14/2021,Package Z
cdelafoyao@japanpost.jp,Charley,1/9/2022,Package H
kwardingleyap@icio.us,Kevan,12/17/2021,Package I
jcockellaq@google.es,Jedediah,1/5/2022,Package G
msturgear@blogspot.com,Mollee,10/30/2021,Package M
npetticanas@purevolume.com,Nixie,1/2/2022,Package J
jkorejsat@house.gov,Jaime,7/3/2022,Package U
ckitchenhamau@flickr.com,Carma,6/19/2022,Package E
agoudmanav@theguardian.com,Archaimbaud,10/9/2021,Package J
dstreetfieldaw@bing.com,Daryn,7/7/2021,Package D
mhallawellax@hhs.gov,Madelin,11/29/2021,Package C
ewishkaray@alibaba.com,Edyth,12/28/2021,Package H
dgallacheraz@miibeian.gov.cn,Diann,11/23/2021,Package C
wroparsb0@dagondesign.com,Wilhelmine,1/22/2022,Package T
mbruntjenb1@comcast.net,Martha,9/10/2021,Package K
wbrackenburyb2@tripod.com,Woody,3/9/2022,Package Q
ylariveb3@blogspot.com,Yolanthe,5/13/2022,Package M
bmuffittb4@1688.com,Brit,12/15/2021,Package C
callsupb5@dropbox.com,Caryn,9/16/2021,Package P
tfinchamb6@kickstarter.com,Tabbitha,6/6/2022,Package N
mbarfordb7@auda.org.au,Marta,8/20/2021,Package E
rspurdenb8@huffingtonpost.com,Reinold,2/6/2022,Package H
cfeldmanb9@ed.gov,Curtis,11/14/2021,Package G
bbottba@narod.ru,Benton,11/9/2021,Package F
mhearnesbb@biglobe.ne.jp,Morissa,8/27/2021,Package G
rnuemannbc@reference.com,Reggi,8/17/2021,Package A
kjoynsonbd@sourceforge.net,Kaela,5/1/2022,Package E
acobdenbe@walmart.com,Arvy,4/8/2022,Package U
msabatebf@marriott.com,Melantha,6/3/2022,Package U
dnoblesbg@webeden.co.uk,Dorthea,8/20/2021,Package G
chansiebh@devhub.com,Cam,10/26/2021,Package H
smetterickebi@skyrock.com,Sharona,11/4/2021,Package W
gjutsonbj@ebay.com,Gabe,4/20/2022,Package I
cclemersonbk@seattletimes.com,Cloe,7/17/2021,Package S
mananbl@mashable.com,Matti,7/13/2021,Package C
ghelversenbm@howstuffworks.com,Gerti,12/12/2021,Package W
amelendezbn@liveinternet.ru,Arvy,6/26/2022,Package H
dwaldrumbo@mozilla.com,Dennison,9/11/2021,Package A
tdevaarbp@quantcast.com,Therese,1/22/2022,Package L
kmarconibq@cdbaby.com,Karlene,8/17/2021,Package Z
jmapowderbr@gnu.org,Jervis,9/30/2021,Package W
lhartlybs@wikipedia.org,Lisha,12/25/2021,Package O
skirsteinbt@bloomberg.com,Stanton,5/3/2022,Package S
pchrispbu@gov.uk,Porter,2/5/2022,Package Q
nburgenbv@trellian.com,Nelle,11/2/2021,Package E
dcornillotbw@smugmug.com,Domenico,4/22/2022,Package M
mdesouzabx@icq.com,Maggee,12/22/2021,Package L
tangoodby@illinois.edu,Tandy,5/18/2022,Package V
fpostlesbz@taobao.com,Freddi,8/15/2021,Package F
rlorencc0@pbs.org,Rosamund,8/23/2021,Package X
wdishmonc1@trellian.com,William,4/27/2022,Package B
alaxtonnec2@miibeian.gov.cn,Anson,9/27/2021,Package Y
ahawkenc3@dagondesign.com,Antonio,3/5/2022,Package G
ydriscollc4@unesco.org,Yank,10/23/2021,Package J
abraybrooksc5@netscape.com,Ariadne,12/29/2021,Package D
rdockseyc6@360.cn,Richard,3/16/2022,Package X
fboughtwoodc7@google.nl,Fax,9/20/2021,Package A
ealdcornc8@clickbank.net,Ermengarde,5/4/2022,Package I
cnadinc9@telegraph.co.uk,Cesaro,7/20/2021,Package M
dcosteca@uol.com.br,Daryn,12/7/2021,Package Q
eantonatcb@mlb.com,Elinore,7/10/2021,Package R
vrivelcc@eepurl.com,Vick,3/26/2022,Package O
tbowercd@amazon.com,Teodora,7/17/2021,Package E
hpinckardce@nasa.gov,Harv,4/23/2022,Package K
btregensoecf@pagesperso-orange.fr,Britte,6/8/2022,Package N
karangycg@timesonline.co.uk,Kary,10/5/2021,Package V
lcourteneych@amazon.de,Lucius,7/28/2021,Package G
mebbinsci@mayoclinic.com,Micki,7/23/2021,Package K
frisbridgecj@wordpress.org,Flinn,8/18/2021,Package R
oleishmanck@tmall.com,Oralle,1/2/2022,Package H
strailcl@economist.com,Susan,8/1/2021,Package H
dfrantzenicm@cbsnews.com,Der,4/22/2022,Package M
fpaynecn@cafepress.com,Filippo,3/26/2022,Package G
jpimmockeco@123-reg.co.uk,Jo-ann,8/18/2021,Package Q
pcoppocp@sun.com,Patrice,2/8/2022,Package K
emenduscq@phpbb.com,Elmer,12/5/2021,Package Z
jsouchcr@narod.ru,Jobie,3/2/2022,Package G
dgreslycs@theguardian.com,Durante,12/19/2021,Package K
tsalmanct@economist.com,Tanhya,12/2/2021,Package O
ymocquercu@instagram.com,Yehudi,7/23/2021,Package N
estachinicv@lycos.com,Eolande,5/1/2022,Package I
llaverenzcw@xrea.com,Lorraine,2/25/2022,Package T
dparishcx@cbc.ca,Dorisa,4/5/2022,Package P
jreolfocy@nba.com,Jordon,1/1/2022,Package E
dogormallycz@wp.com,Des,3/9/2022,Package M
wtebbitd0@time.com,Willi,6/28/2022,Package E
dmuffend1@soup.io,Darcy,4/4/2022,Package Q
tholliboned2@wikimedia.org,Taylor,6/28/2022,Package Y
hmurisond3@networksolutions.com,Hans,5/30/2022,Package C
nterrand4@state.tx.us,Naoma,7/23/2021,Package R
tprised5@myspace.com,Trixie,11/19/2021,Package V
pmurrd6@hibu.com,Pepillo,1/31/2022,Package V
sfilshind7@edublogs.org,Sue,10/19/2021,Package N
ldevenportd8@google.pl,Lurleen,5/20/2022,Package S
bmildenhalld9@ucla.edu,Branden,7/29/2021,Package V
pbartramda@123-reg.co.uk,Philly,9/21/2021,Package C
dburlingamedb@europa.eu,Donn,10/11/2021,Package L
mviscovidc@comsenz.com,Marijo,1/9/2022,Package B
rclardgedd@de.vu,Roanna,5/6/2022,Package S
hjarreltde@google.ru,Hollie,3/5/2022,Package Z
sshadfourthdf@shareasale.com,Sholom,2/26/2022,Package E
bsturrdg@smugmug.com,Brittaney,1/3/2022,Package H
bbrayforddh@discovery.com,Billy,12/17/2021,Package G
spoynordi@youku.com,Staci,11/6/2021,Package H
dchatresdj@artisteer.com,Darsie,7/6/2021,Package P
lwarringtondk@unc.edu,Lilith,2/9/2022,Package Z
rstapyltondl@goo.gl,Ronny,11/12/2021,Package A
kcannavandm@reuters.com,Karlotta,11/25/2021,Package L
tmadledn@usatoday.com,Tallou,8/21/2021,Package O
asudrando@foxnews.com,Amerigo,11/7/2021,Package X
dmccaddendp@mediafire.com,Donnie,3/13/2022,Package V
bgraftonherbertdq@technorati.com,Bud,12/9/2021,Package Q
lsoutherdendr@google.it,Lara,7/6/2021,Package E
nfisonds@youtube.com,Nicolina,2/11/2022,Package X
ccausleydt@opera.com,Celle,4/30/2022,Package V
bperchdu@tumblr.com,Bebe,11/6/2021,Package A
dvoelkerdv@who.int,Dorie,1/31/2022,Package D
gdesaurdw@people.com.cn,Germayne,3/10/2022,Package L
dsetondx@cisco.com,Davin,3/27/2022,Package H
rcaulcuttdy@google.ru,Rance,1/15/2022,Package A
jimmerdz@purevolume.com,Jamie,9/22/2021,Package A
apeidroe0@java.com,Arabele,10/17/2021,Package D
ddysharte1@t-online.de,Devina,7/29/2021,Package F
clanferee2@discuz.net,Chelsie,12/16/2021,Package K
ngullivere3@e-recht24.de,Nadeen,8/2/2021,Package W
sludleme4@example.com,Selene,5/12/2022,Package O
dtulle5@cocolog-nifty.com,Delora,9/4/2021,Package T
clegrande6@bizjournals.com,Claretta,8/9/2021,Package S
aconforde7@github.com,Annelise,8/2/2021,Package Q
kboschere8@irs.gov,Kingsley,6/4/2022,Package O
orucklidgee9@eepurl.com,Olivier,1/7/2022,Package W
kalywenea@prnewswire.com,Karola,8/8/2021,Package J
scoweb@economist.com,Stu,4/1/2022,Package H
ngeroldiec@twitter.com,Niccolo,6/24/2022,Package C
ogammetted@twitpic.com,Olwen,12/17/2021,Package W
mcrowdyee@japanpost.jp,Milly,5/12/2022,Package R
jgawef@mysql.com,Jacky,9/23/2021,Package W
esivesseg@cnet.com,Elena,9/3/2021,Package C
jbulliereh@dmoz.org,Joanne,7/12/2021,Package O
jpattissonei@google.com.br,Jordana,5/8/2022,Package M
oguntripej@tamu.edu,Ola,2/14/2022,Package F
ehastek@mediafire.com,Eberhard,8/22/2021,Package W
phadfieldel@google.co.jp,Patsy,1/5/2022,Package I
dpercivalem@wikimedia.org,Dagny,5/26/2022,Package T
acosletten@businessweek.com,Andromache,1/5/2022,Package X
ahurrelleo@ebay.com,Addie,3/19/2022,Package N
mcaneroep@diigo.com,Maureene,5/5/2022,Package B
agrassoteq@yelp.com,Adah,10/21/2021,Package E
benserer@free.fr,Bernardine,11/8/2021,Package M
hjeskees@china.com.cn,Howey,6/9/2022,Package B
dhubbuckset@bravesites.com,Dian,6/3/2022,Package R
blargenteu@zimbio.com,Barbie,10/8/2021,Package C
lhanwrightev@so-net.ne.jp,Lanny,4/27/2022,Package W
cfriendew@aol.com,Clarence,11/25/2021,Package N
phecksex@icq.com,Parker,7/11/2021,Package N
lstitsoney@is.gd,Letti,1/5/2022,Package D
gjanawayez@biglobe.ne.jp,Galen,5/10/2022,Package R
dscatcharf0@nba.com,Dedie,10/26/2021,Package W
sgrigoliisf1@wp.com,Shep,6/25/2022,Package U
ccolpusf2@bluehost.com,Cyb,6/23/2022,Package A
gsclaterf3@phpbb.com,Giana,2/19/2022,Package E
efarensf4@omniture.com,Ester,1/4/2022,Package H
mpotterilf5@harvard.edu,Mitch,8/22/2021,Package Q
slinzeef6@earthlink.net,Sandi,4/22/2022,Package D
edawnayf7@engadget.com,Emilio,3/31/2022,Package I
rwoollamf8@free.fr,Ree,4/13/2022,Package C
mguilliattf9@toplist.cz,Maryl,7/24/2021,Package X
krathjenfa@wisc.edu,Kendal,2/15/2022,Package S
lmacneilliefb@51.la,Lillian,6/11/2022,Package J
sguppeyfc@vimeo.com,Sibbie,6/16/2022,Package E
ebrancafd@studiopress.com,Etheline,11/13/2021,Package H
zjoppfe@360.cn,Zacharias,5/24/2022,Package D
wgrovierff@oaic.gov.au,Wilt,9/29/2021,Package T
hheggfg@narod.ru,Hermon,4/9/2022,Package T
tbeamandfh@washingtonpost.com,Tamarah,5/28/2022,Package U
ahaddestonfi@cyberchimps.com,Alysia,9/26/2021,Package Y
itronifj@springer.com,Isadore,4/8/2022,Package V
bcoppinfk@theguardian.com,Bernardina,5/18/2022,Package N
kvanellifl@microsoft.com,Kipper,12/20/2021,Package F
kmaggifm@zimbio.com,Kahaleel,8/30/2021,Package I
kdrainsfn@nature.com,Kevyn,7/4/2022,Package A
ohunnaballfo@usda.gov,Odelinda,11/25/2021,Package Q
sbrazierfp@squidoo.com,Starlene,1/13/2022,Package G
hnuschefq@newyorker.com,Haley,10/30/2021,Package L
dpaffotfr@google.com.au,Devland,3/28/2022,Package F
rdutsonfs@paypal.com,Rheta,5/23/2022,Package X
dadamift@google.de,Dari,7/18/2021,Package Y
jedelstonfu@1688.com,Josselyn,2/7/2022,Package X
lchezellefv@stumbleupon.com,Lora,10/13/2021,Package D
ejaquinfw@webnode.com,Ermin,10/8/2021,Package L
charmefx@dyndns.org,Constantia,4/26/2022,Package O
bgarmentfy@seattletimes.com,Beverie,1/24/2022,Package P
arennebachfz@sciencedaily.com,Alysia,7/2/2022,Package Z
oinklesg0@nih.gov,Onfroi,6/10/2022,Package O
garseyg1@slideshare.net,Guglielmo,4/1/2022,Package C
sshobbrookg2@sun.com,Sergei,10/11/2021,Package S
achurchwardg3@acquirethisname.com,Adriane,1/27/2022,Package P
enorthwoodg4@smh.com.au,Eal,9/18/2021,Package V
bhebbrong5@wikimedia.org,Barret,7/9/2021,Package N
risherwoodg6@reference.com,Randa,6/15/2022,Package K
gmardollg7@instagram.com,Gaultiero,9/6/2021,Package B
sduckittg8@statcounter.com,Shoshanna,12/24/2021,Package G
osikorskig9@lycos.com,Ole,11/27/2021,Package S
hcunninghamga@mit.edu,Hayes,8/13/2021,Package M
sburrettgb@wordpress.org,Simmonds,7/8/2021,Package A
kpikettgc@nydailynews.com,Kassi,7/15/2021,Package D
rbugdalegd@taobao.com,Rufe,2/14/2022,Package I
csymsge@google.com.br,Cash,2/21/2022,Package C
aleverettgf@storify.com,Adrienne,7/30/2021,Package Y
gscoughgg@flavors.me,Gloria,11/3/2021,Package W
pbordmangh@japanpost.jp,Putnam,2/8/2022,Package N
sadlingtongi@technorati.com,Siegfried,6/25/2022,Package O
imacsweeneygj@hubpages.com,Ilyse,5/20/2022,Package W
cjoistgk@mediafire.com,Claudetta,1/16/2022,Package R
hmathiesongl@studiopress.com,Harriet,8/20/2021,Package S
cridgewaygm@smugmug.com,Corny,5/28/2022,Package P
ecrommettgn@geocities.jp,Eric,12/21/2021,Package Q
mickgo@ask.com,Marty,5/13/2022,Package E
mwillesgp@reddit.com,Melva,4/23/2022,Package K
ccasewellgq@zimbio.com,Curtice,12/22/2021,Package Q
gtrinergr@opensource.org,George,8/27/2021,Package O
jwibberleygs@blogger.com,Jaine,4/9/2022,Package K
abayliegt@omniture.com,Anitra,5/29/2022,Package N
gashingtongu@cargocollective.com,Grace,3/26/2022,Package R
bhaddickgv@wikia.com,Berny,4/30/2022,Package S
bitzkowiczgw@geocities.jp,Brnaba,4/23/2022,Package R
tpetzgx@army.mil,Trevor,9/15/2021,Package N
jfritschmanngy@eepurl.com,Jessamine,9/16/2021,Package G
imcquartergz@zimbio.com,Irwinn,1/14/2022,Package G
lbakesh0@symantec.com,Lawton,8/21/2021,Package K
smeffinh1@walmart.com,Shurlock,1/9/2022,Package B
clyvenh2@csmonitor.com,Conrade,12/21/2021,Package M
oomrodh3@bloglovin.com,Osbourn,2/14/2022,Package Y
qgomarh4@about.me,Quinton,3/20/2022,Package L
mgriswoodh5@pcworld.com,Mervin,7/15/2021,Package T
ascoffinsh6@dailymotion.com,Aurelie,10/9/2021,Package E
cstrotherh7@reddit.com,Carole,10/11/2021,Package Q
adobrovolskih8@hexun.com,Angel,2/16/2022,Package Z
pteodoroh9@istockphoto.com,Pablo,4/27/2022,Package A
pkaufmanha@gmpg.org,Peggie,4/5/2022,Package F
wjikyllshb@newyorker.com,Willamina,6/27/2022,Package H
jdillwayhc@ox.ac.uk,Jan,9/18/2021,Package Y
wblacksterhd@tinyurl.com,Wallas,9/26/2021,Package D
frivardhe@chron.com,Franciskus,2/20/2022,Package M
btimoneyhf@com.com,Belita,7/7/2021,Package Z
hmarchingtonhg@merriam-webster.com,Henrie,8/8/2021,Package M
skoophh@google.co.uk,Sally,8/13/2021,Package E
lwrennhi@ycombinator.com,Lawrence,8/12/2021,Package Y
cmcginnyhj@blogs.com,Carmina,4/12/2022,Package Z
afowlerhk@marketwatch.com,Arline,11/20/2021,Package T
namyhl@wunderground.com,Nickey,1/29/2022,Package P
bwolfordhm@creativecommons.org,Brooks,7/24/2021,Package P
shillburnhn@comsenz.com,Stanton,12/3/2021,Package L
zdanburyho@ftc.gov,Zolly,6/6/2022,Package T
eriditchhp@github.com,Elliot,5/31/2022,Package Q
fkobushq@google.co.uk,Fredericka,12/15/2021,Package F
lsaffehr@creativecommons.org,Launce,8/3/2021,Package W
gfindonhs@webs.com,Glenine,12/6/2021,Package E
istrakerht@last.fm,Ilaire,7/18/2021,Package R
pgaishhu@weather.com,Pacorro,8/22/2021,Package B
klooselyhv@bloglines.com,Kean,11/4/2021,Package W
hdeanhw@multiply.com,Hermina,11/19/2021,Package L
mheinonenhx@geocities.jp,Marsiella,9/15/2021,Package D
jmaccoughanhy@ifeng.com,Jaine,11/17/2021,Package Q
bletessierhz@opera.com,Bryant,9/30/2021,Package T
mrapei0@reuters.com,Marjorie,11/6/2021,Package T
nsummertoni1@usa.gov,Neill,11/21/2021,Package J
mdownsei2@dedecms.com,Mikkel,5/28/2022,Package I
bbaccupi3@jalbum.net,Bree,3/8/2022,Package N
bagnewi4@uiuc.edu,Bruno,8/24/2021,Package E
jsmalesi5@unicef.org,Johnathan,9/21/2021,Package A
ojoyesi6@sfgate.com,Osborn,5/1/2022,Package L
rfranzettii7@mediafire.com,Rosmunda,8/6/2021,Package A
jgronwi8@vistaprint.com,Jarred,2/26/2022,Package B
pduncani9@sogou.com,Parrnell,7/23/2021,Package L
pburchattia@miitbeian.gov.cn,Pembroke,1/8/2022,Package Y
lmatteottiib@cdbaby.com,Lydon,9/17/2021,Package A
igoodletic@dion.ne.jp,Ingar,12/18/2021,Package W
rtremblettid@dot.gov,Russ,1/20/2022,Package T
rhousbieie@is.gd,Rurik,1/3/2022,Package R
mparfreyif@ca.gov,Misti,6/5/2022,Package N
blowersig@homestead.com,Brit,5/22/2022,Package N
blegionih@dyndns.org,Brier,8/21/2021,Package I
gtrundellii@ow.ly,Gratiana,7/26/2021,Package S
kblowfieldij@yahoo.co.jp,Katine,6/25/2022,Package L
ealleboneik@lycos.com,Estel,6/6/2022,Package V
rtrustieil@blinklist.com,Rayshell,4/29/2022,Package Q
mbattisonim@yale.edu,Murvyn,6/8/2022,Package H
vferrarin@howstuffworks.com,Vaughan,3/7/2022,Package U
bbowbrickio@macromedia.com,Brooke,9/3/2021,Package S
dtinkip@usa.gov,Dinnie,9/16/2021,Package H
mparadisiq@ask.com,Milton,4/13/2022,Package G
nloraitir@discuz.net,Nicol,1/23/2022,Package Q
fevesis@posterous.com,Flint,9/22/2021,Package S
lkemmeyit@umn.edu,Lenci,1/1/2022,Package W
jebbageiu@opera.com,Jessalin,4/25/2022,Package O
pskaceiv@princeton.edu,Paulie,5/7/2022,Package N
oashworthiw@rakuten.co.jp,Odette,8/15/2021,Package M
reckersleyix@naver.com,Rebecca,2/14/2022,Package Z
dmanifouldiy@devhub.com,Darbie,2/6/2022,Package N
bbartolomeoiz@wisc.edu,Bear,8/14/2021,Package N
bharraginj0@theglobeandmail.com,Bartie,3/10/2022,Package G
elawlandj1@upenn.edu,Erroll,10/5/2021,Package G
ecornerj2@goodreads.com,Ettie,4/10/2022,Package G
kimmerj3@answers.com,Kipp,8/4/2021,Package Q
etrulockj4@xrea.com,Ely,5/5/2022,Package T
atwyningj5@samsung.com,Ailbert,8/2/2021,Package U
shyndleyj6@eventbrite.com,Shawnee,6/30/2022,Package D
tdarellj7@mashable.com,Toby,4/28/2022,Package W
deichmannj8@bloglines.com,Dennie,10/29/2021,Package L
ltythacottj9@ow.ly,Lorilyn,12/13/2021,Package D
mtilbyja@wordpress.com,Mirelle,9/28/2021,Package W
ncoaljb@pagesperso-orange.fr,Nedda,11/12/2021,Package F
kdodingjc@paypal.com,Kylila,4/19/2022,Package K
cobaljd@examiner.com,Carolina,6/12/2022,Package F
iautinje@quantcast.com,Ingra,2/2/2022,Package G
hspoorsjf@marriott.com,Horatia,2/1/2022,Package O
mcohalanjg@purevolume.com,Maynord,8/16/2021,Package B
brenhardjh@illinois.edu,Bartholemy,10/6/2021,Package Z
candreji@about.com,Cloe,7/3/2022,Package Z
ubidgodjj@naver.com,Ulric,11/23/2021,Package O
abacksjk@icq.com,Amelie,10/24/2021,Package M
fdurantjl@gnu.org,Flem,12/11/2021,Package K
eheinejm@elegantthemes.com,Eldridge,5/5/2022,Package P
lmillionjn@angelfire.com,Ludwig,2/16/2022,Package D
nfischerjo@angelfire.com,Nonnah,6/22/2022,Package E
pnaullsjp@freewebs.com,Piper,10/30/2021,Package P
dslyjq@ow.ly,Der,11/26/2021,Package G
rmakiverjr@vinaora.com,Rabbi,12/20/2021,Package W
vlimprechtjs@globo.com,Vick,10/5/2021,Package M
hbullejt@jalbum.net,Hart,10/16/2021,Package V
gpicktonju@taobao.com,Gaspard,5/8/2022,Package X
hgaukrodgejv@wordpress.org,Hyacinthia,12/9/2021,Package X
bpadfieldjw@weebly.com,Barn,11/21/2021,Package P
mmacklamjx@mail.ru,Miriam,8/19/2021,Package F
blawlesjy@huffingtonpost.com,Baxter,12/22/2021,Package F
mmaruskajz@wikispaces.com,Michell,1/13/2022,Package N
gsamblesk0@friendfeed.com,Gerhardt,7/25/2021,Package S
rmadeleyk1@techcrunch.com,Rene,8/22/2021,Package Y
sroussellk2@phoca.cz,Silvio,8/26/2021,Package I
abrunningk3@howstuffworks.com,Adelaida,11/12/2021,Package B
gworthyk4@omniture.com,Giselbert,4/12/2022,Package Y
vbrandinok5@friendfeed.com,Vinnie,9/24/2021,Package A
krubinowitzk6@netscape.com,Kyle,5/25/2022,Package N
dmicheletk7@java.com,Dulcie,2/1/2022,Package O
ffrosdickk8@addtoany.com,Filide,4/2/2022,Package V
sobroganek9@buzzfeed.com,Salli,5/23/2022,Package O
krumminska@about.me,Kelley,3/24/2022,Package F
ssainteaukb@mlb.com,Shawn,10/1/2021,Package W
kemilienkc@craigslist.org,Kennedy,2/16/2022,Package Q
eromkekd@mayoclinic.com,Eirena,3/23/2022,Package B
irubicake@shinystat.com,Inge,2/23/2022,Package K
ntoogoodkf@clickbank.net,Nicol,10/27/2021,Package T
aislepkg@ocn.ne.jp,Aveline,3/19/2022,Package V
cdobrowskikh@acquirethisname.com,Carce,2/9/2022,Package X
vculshewki@meetup.com,Vonni,7/13/2021,Package J
wvaskinkj@usnews.com,Wenda,8/24/2021,Package Y
hlummuskk@eepurl.com,Hermann,11/4/2021,Package L
oworsamkl@go.com,Osbert,5/4/2022,Package Y
pdelbouxkm@jiathis.com,Perry,3/21/2022,Package M
cgarriockkn@census.gov,Cynthia,2/8/2022,Package Y
afargieko@usatoday.com,Antoine,3/6/2022,Package G
fboissieuxkp@posterous.com,Felisha,3/7/2022,Package U
bhatleykq@ifeng.com,Bobbie,6/26/2022,Package Y
asergentkr@themeforest.net,Alisander,12/4/2021,Package U
asutlieffks@i2i.jp,Ariel,2/14/2022,Package W
kabbattkt@blinklist.com,Kimberly,12/21/2021,Package X
ciacofoku@comsenz.com,Curtice,10/28/2021,Package S
scastagnetkv@ed.gov,Saundra,4/13/2022,Package U
hgulbergkw@about.com,Harbert,3/4/2022,Package A
ppoveleyekx@intel.com,Pierce,11/3/2021,Package I
hwattky@spiegel.de,Hendrik,7/20/2021,Package S
ajeandelkz@surveymonkey.com,Adara,10/7/2021,Package E
wjanseyl0@godaddy.com,Walliw,7/26/2021,Package A
sbeloel1@foxnews.com,Sky,10/28/2021,Package P
wezzelll2@ask.com,Wald,9/22/2021,Package X
kmacquistl3@latimes.com,Kris,8/2/2021,Package N
fivanyushinl4@jalbum.net,Florina,1/28/2022,Package C
steligal5@bbc.co.uk,Sarina,7/10/2021,Package O
lswafieldl6@blogger.com,Loralie,5/27/2022,Package D
eizonl7@wunderground.com,Emmanuel,5/1/2022,Package M
lbelll8@dot.gov,Lavina,5/24/2022,Package L
kfraschettil9@joomla.org,Kalinda,10/25/2021,Package Y
rlochetla@latimes.com,Robby,2/3/2022,Package Q
pvlieslb@narod.ru,Phylys,8/4/2021,Package A
ndominettilc@1und1.de,Neddy,4/13/2022,Package S
wdybaldld@dion.ne.jp,William,10/6/2021,Package U
bvillale@jalbum.net,Benita,6/14/2022,Package U
gnoadeslf@rambler.ru,Giuseppe,2/12/2022,Package G
pwoodheadlg@hugedomains.com,Perren,6/22/2022,Package H
czielinskilh@yelp.com,Cacilie,12/27/2021,Package U
cskimli@disqus.com,Christy,3/4/2022,Package X
ebenthalllj@opera.com,Everard,1/17/2022,Package I
bbrizelllk@imdb.com,Briney,4/27/2022,Package X
mpellittll@hibu.com,Mose,4/10/2022,Package E
scakeslm@homestead.com,Shane,4/24/2022,Package Q
vcoatenln@google.ru,Valerye,3/23/2022,Package N
tmurfordlo@buzzfeed.com,Tobye,10/1/2021,Package G
sostrichlp@edublogs.org,Suzann,2/9/2022,Package B
tbartolomeolq@posterous.com,Tanhya,4/24/2022,Package P
mkohlermanlr@oracle.com,Merle,3/15/2022,Package T
cphebeyls@csmonitor.com,Coretta,7/13/2021,Package L
gbarronlt@thetimes.co.uk,Gran,11/30/2021,Package E
bridgwaylu@cisco.com,Benedicta,10/10/2021,Package T
jartindalelv@wix.com,Junia,8/20/2021,Package D
sgaigerlw@hugedomains.com,Sherline,12/9/2021,Package Q
munittlx@house.gov,Micki,8/20/2021,Package R
sjoveyly@domainmarket.com,Sue,9/14/2021,Package Q
iaynsleylz@yolasite.com,Irma,5/13/2022,Package Q
cwalkinshawm0@newsvine.com,Chelsae,11/15/2021,Package Z
vkolczynskim1@constantcontact.com,Viviyan,10/1/2021,Package E
hahrensm2@msu.edu,Hugues,12/25/2021,Package T
fcaghanm3@auda.org.au,Farleigh,3/28/2022,Package E
jkobierskim4@dell.com,Justinn,6/1/2022,Package P
lramsbothamm5@google.com.hk,Lanie,12/24/2021,Package S
rciottim6@reuters.com,Roxi,12/20/2021,Package P
ifrankemam7@bloomberg.com,Indira,9/15/2021,Package J
cflochm8@wikia.com,Corine,11/5/2021,Package W
jlomondm9@businesswire.com,Jeffry,3/13/2022,Package D
gchoudhuryma@etsy.com,Giuditta,8/24/2021,Package J
fmarsaymb@loc.gov,Farlie,8/15/2021,Package O
nbelfittmc@bbb.org,Neil,6/4/2022,Package A
llibrimd@youku.com,Leicester,9/26/2021,Package C
sosculleyme@diigo.com,Shawn,3/9/2022,Package X
cjimmisonmf@netlog.com,Christy,10/25/2021,Package Z
pmilliermg@cloudflare.com,Penelopa,12/26/2021,Package H
kwashmh@admin.ch,Kristy,3/13/2022,Package F
hfarbracemi@sourceforge.net,Hansiain,11/14/2021,Package F
ddeblasiomj@chronoengine.com,Davy,11/25/2021,Package W
rcurrermk@feedburner.com,Rube,7/2/2022,Package H
ktallmanml@google.es,Karly,6/24/2022,Package I
fmoehlermm@smugmug.com,Fanechka,5/30/2022,Package E
enoldamn@shutterfly.com,Ethelda,9/27/2021,Package R
bkachellermo@rediff.com,Bard,11/27/2021,Package K
erozetmp@unc.edu,Eadmund,6/16/2022,Package H
pclaceymq@ow.ly,Prinz,8/21/2021,Package U
npurringtonmr@bravesites.com,Nanine,12/22/2021,Package I
jyeuletms@nyu.edu,Joanna,9/21/2021,Package L
lavrahmmt@wiley.com,Latia,2/22/2022,Package P
ltheakstonmu@instagram.com,Lisabeth,3/13/2022,Package H
mlaythammv@narod.ru,Micky,11/3/2021,Package R
jlushmw@china.com.cn,Jules,3/4/2022,Package Z
qmcandrewmx@flavors.me,Quincey,4/27/2022,Package S
kgeggmy@theguardian.com,Kamilah,12/20/2021,Package A
bghidellimz@skyrock.com,Bevon,11/4/2021,Package O
malastairn0@facebook.com,Melba,4/25/2022,Package L
bdymentn1@adobe.com,Boyce,6/26/2022,Package M
stankusn2@paginegialle.it,Saraann,4/21/2022,Package G
rcareswelln3@woothemes.com,Reeba,1/3/2022,Package G
mgarrowayn4@soundcloud.com,Mikkel,6/9/2022,Package Z
jrestilln5@yellowpages.com,Jamie,9/27/2021,Package A
rnesbittn6@hp.com,Ricky,10/30/2021,Package E
mpotteryn7@wikispaces.com,Marian,6/25/2022,Package S
callann8@freewebs.com,Carine,11/10/2021,Package J
pwarrillown9@mac.com,Purcell,5/24/2022,Package X
lblenchna@newyorker.com,Lonnie,2/27/2022,Package S
hnapoleonenb@blogger.com,Harp,11/13/2021,Package H
gmocharnc@ebay.co.uk,Gerrie,10/2/2021,Package A
cbewfieldnd@tiny.cc,Celie,5/4/2022,Package N
cboskellne@gmpg.org,Curtis,4/10/2022,Package A
khardypigginnf@fda.gov,Kipp,11/29/2021,Package Q
pgooseyng@abc.net.au,Packston,4/1/2022,Package T
mgiraudouxnh@slashdot.org,Matilda,12/29/2021,Package J
cbumni@mayoclinic.com,Clarine,12/24/2021,Package Y
sbyramnj@jigsy.com,Sharai,12/19/2021,Package H
bthornewillnk@behance.net,Bria,4/19/2022,Package E
fskeldingnl@ucla.edu,Ferrel,10/15/2021,Package K
dmarlowenm@wired.com,Dennet,1/21/2022,Package V
kcoviellonn@yandex.ru,Kandy,6/5/2022,Package H
rabdenno@msn.com,Rudiger,7/7/2021,Package H
peddownp@telegraph.co.uk,Pearline,6/20/2022,Package C
relseynq@feedburner.com,Roz,3/3/2022,Package K
tpretonr@shop-pro.jp,Townie,12/11/2021,Package S
rbuncens@liveinternet.ru,Raoul,11/2/2021,Package J
sfacchinint@foxnews.com,Steward,2/18/2022,Package H
mhenkmannnu@multiply.com,Maynard,10/18/2021,Package Q
pcoldwellnv@seesaa.net,Philip,12/30/2021,Package O
mbenitonw@google.ca,Martina,9/22/2021,Package P
tbiggadikenx@symantec.com,Tildi,11/26/2021,Package N
tlampreyny@opera.com,Tedd,11/25/2021,Package J
sspiritnz@hibu.com,Sigismond,10/31/2021,Package Y
abelzo0@mlb.com,Annette,11/23/2021,Package C
cmacmeekingo1@sina.com.cn,Car,4/4/2022,Package A
mristeo2@arizona.edu,Mag,7/25/2021,Package U
sgreeno3@about.me,Shayna,8/7/2021,Package N
gkayo4@google.com.hk,Gertrudis,5/6/2022,Package L
tdoyleo5@weibo.com,Teresina,6/8/2022,Package Q
kbeckhouseo6@constantcontact.com,Katleen,3/20/2022,Package K
cjinkinso7@github.com,Celisse,3/7/2022,Package S
tdimitrescoo8@berkeley.edu,Trstram,2/23/2022,Package X
acowndeno9@bing.com,Audrey,4/7/2022,Package U
sfayreoa@fastcompany.com,Sherry,12/7/2021,Package C
adaneluttiob@livejournal.com,Ansley,12/14/2021,Package S
sclulowoc@businesswire.com,Sher,8/30/2021,Package E
rcolombod@tripadvisor.com,Redford,1/24/2022,Package J
inunsonoe@bing.com,Isabella,1/30/2022,Package T
ccampeyof@clickbank.net,Clerkclaude,9/7/2021,Package E
aflemmichog@nyu.edu,Alethea,12/21/2021,Package U
gcridlinoh@feedburner.com,Gilles,3/25/2022,Package G
tcornilsoi@hc360.com,Tatum,5/19/2022,Package M
sdimockoj@nhs.uk,Shandie,8/28/2021,Package H
pgarmstonok@bluehost.com,Pamella,10/21/2021,Package K
mnorkettol@google.fr,Martguerita,2/11/2022,Package N
ehaspineallom@trellian.com,Ema,9/21/2021,Package O
fgersamon@alexa.com,Farleigh,2/20/2022,Package G
fmccallumoo@friendfeed.com,Filippo,1/19/2022,Package Q
lmuncieop@newsvine.com,Leilah,9/14/2021,Package C
rwoodhamoq@upenn.edu,Rici,3/22/2022,Package X
tzouchor@time.com,Towny,4/14/2022,Package O
chillabyos@gravatar.com,Clary,7/8/2021,Package G
bguilderot@cloudflare.com,Brian,7/16/2021,Package C
awallmanou@tamu.edu,Ally,12/17/2021,Package O
dtrattlesov@bravesites.com,Doti,10/23/2021,Package K
mbaguleyow@narod.ru,Melisandra,3/1/2022,Package E
btotterdillox@chicagotribune.com,Bale,6/5/2022,Package H
mrawlloy@bluehost.com,Marquita,5/24/2022,Package L
rbowdleroz@prweb.com,Robena,5/9/2022,Package C
lspinettip0@sun.com,Lonnard,10/20/2021,Package O
ijanuaryp1@networkadvertising.org,Iver,6/23/2022,Package T
emionip2@artisteer.com,Eudora,9/14/2021,Package F
smanvillep3@netscape.com,Siegfried,6/8/2022,Package R
cplainp4@amazon.com,Cly,8/2/2021,Package T
kcumeskyp5@dedecms.com,Kenyon,4/10/2022,Package T
cgreensallp6@dmoz.org,Clyve,4/28/2022,Package T
grydingsp7@google.co.uk,Godfrey,7/17/2021,Package K
hdodsworthp8@tripod.com,Honor,6/11/2022,Package S
schalfantp9@bloglovin.com,Sandy,12/6/2021,Package B
lsutworthpa@ucla.edu,Liza,6/26/2022,Package H
dmatticcipb@howstuffworks.com,Delila,4/3/2022,Package N
ndurnopc@geocities.com,Novelia,6/14/2022,Package P
hilbertpd@npr.org,Helaina,4/17/2022,Package B
jhoulsonpe@sciencedirect.com,Jo,1/17/2022,Package Q
tcarwithanpf@amazonaws.com,Thea,7/17/2021,Package Z
kgarrattpg@pcworld.com,Kerstin,6/12/2022,Package S
zhamshawph@blogs.com,Zora,12/4/2021,Package T
igabbatpi@hp.com,Isabella,2/13/2022,Package W
dtabrettpj@printfriendly.com,Davis,5/9/2022,Package O
alaingmaidpk@apache.org,Ashla,8/26/2021,Package S
lcristofalopl@bluehost.com,Lise,1/26/2022,Package C
mdominiakpm@columbia.edu,Moyra,12/2/2021,Package R
gifflandpn@furl.net,Grata,12/9/2021,Package Z
lgerriepo@state.tx.us,Lorry,12/9/2021,Package W
whradskypp@about.me,Wyatt,4/20/2022,Package G
nleserpq@linkedin.com,Nap,5/9/2022,Package J
cwinfieldpr@umich.edu,Corey,8/4/2021,Package N
dbenthamps@amazonaws.com,Dusty,1/31/2022,Package F
vgoodlippt@ocn.ne.jp,Veronica,5/11/2022,Package Q
jkermeenpu@newsvine.com,Jephthah,5/14/2022,Package Q
econeybearepv@goo.ne.jp,Elnore,7/21/2021,Package Z
tfatscherpw@nature.com,Teddy,4/1/2022,Package T
sconaghanpx@whitehouse.gov,Sosanna,2/11/2022,Package D
jfullwoodpy@unicef.org,Julita,8/17/2021,Package F
rbirkheadpz@sitemeter.com,Raviv,4/10/2022,Package P
drogisterq0@latimes.com,Donnie,12/29/2021,Package M
pmalyq1@friendfeed.com,Priscilla,10/26/2021,Package H
fpassionq2@mediafire.com,Ferdy,3/23/2022,Package F
anowillq3@desdev.cn,Allina,9/11/2021,Package D
bmcgarrityq4@zdnet.com,Brinn,3/2/2022,Package T
gfarnallq5@biglobe.ne.jp,Gav,1/16/2022,Package X
dmilleaq6@spiegel.de,Davin,8/26/2021,Package W
fellensq7@goo.gl,Fara,9/6/2021,Package Z
gapplefordq8@w3.org,Gertruda,12/9/2021,Package Z
vrobbenq9@vimeo.com,Valeria,8/15/2021,Package Z
epashbyqa@smugmug.com,Emlen,3/23/2022,Package A
aantrimqb@dyndns.org,Alta,2/16/2022,Package Y
hhansfordqc@icio.us,Hewe,4/2/2022,Package I
rdelatremoilleqd@forbes.com,Reinwald,11/27/2021,Package Q
ooverpoolqe@guardian.co.uk,Olenolin,6/10/2022,Package G
wtabourierqf@salon.com,Winfred,9/5/2021,Package C
epolakqg@sakura.ne.jp,Elnar,11/7/2021,Package Y
bkittleqh@last.fm,Burl,4/21/2022,Package U
chamesqi@accuweather.com,Chen,8/6/2021,Package B
jmerdewqj@newyorker.com,Jaine,10/5/2021,Package M
gerringtonqk@paginegialle.it,Giorgi,5/11/2022,Package R
pscarlettql@sina.com.cn,Peter,11/7/2021,Package J
syoungeqm@nbcnews.com,Stevie,1/21/2022,Package T
mallpressqn@latimes.com,Merrili,9/3/2021,Package U
gginnalyqo@sina.com.cn,Gabriel,11/1/2021,Package C
slawtyqp@cyberchimps.com,Sibilla,3/16/2022,Package K
nsleathqq@issuu.com,Natale,7/3/2022,Package A
jbanatqr@miibeian.gov.cn,Janessa,4/7/2022,Package K
edunkleeqs@army.mil,Edgardo,1/8/2022,Package N
zmchargqt@eepurl.com,Zacharie,8/31/2021,Package G
sfrostdickqu@comsenz.com,Sascha,5/4/2022,Package L
ponearyqv@alexa.com,Phil,5/20/2022,Package G
tmoorrudqw@jalbum.net,Tedie,9/28/2021,Package W
jminneyqx@dot.gov,Jackquelin,5/1/2022,Package Y
hpringerqy@bloglovin.com,Hollie,11/30/2021,Package B
tglanisterqz@elpais.com,Tades,10/10/2021,Package S
csouthamr0@sun.com,Cassy,11/15/2021,Package Z
tdavidder1@reverbnation.com,Tatiana,1/7/2022,Package C
gdrinkwaterr2@examiner.com,Gretchen,11/20/2021,Package T
ndresser3@desdev.cn,Nilson,3/31/2022,Package S
dkilbournr4@ibm.com,Doreen,7/10/2021,Package P
jnorthfieldr5@samsung.com,Janey,4/9/2022,Package J
mmcindoer6@howstuffworks.com,Maggie,8/30/2021,Package P
zhardeyr7@pcworld.com,Zebadiah,10/5/2021,Package O
ccastelynr8@tripod.com,Coletta,8/19/2021,Package Z
mharnwellr9@twitpic.com,Mariellen,7/15/2021,Package G
cmoylera@dion.ne.jp,Chloris,1/1/2022,Package U
adallossorb@cmu.edu,Aliza,6/24/2022,Package X
shumfreyrc@ihg.com,Seth,4/23/2022,Package M
dcranrd@wired.com,Deborah,8/27/2021,Package S
cgiacominire@netlog.com,Chrotoem,12/23/2021,Package U
dgullefordrf@creativecommons.org,Duffie,1/15/2022,Package N
rcharltonrg@blog.com,Rora,12/16/2021,Package G
rburgnerh@sciencedaily.com,Rayna,1/22/2022,Package L
gmacdiarmidri@macromedia.com,Gerald,1/10/2022,Package D
llalorrj@msu.edu,Leland,3/1/2022,Package L
kmccreark@businesswire.com,Karisa,12/10/2021,Package W
skavanaghrl@unicef.org,Sibilla,5/14/2022,Package W
ghandrm@shutterfly.com,Gustavo,12/24/2021,Package X
nlidstonern@shareasale.com,Nico,2/26/2022,Package K
kfechniero@mayoclinic.com,Kyle,5/5/2022,Package B
ceustisrp@freewebs.com,Constantin,4/24/2022,Package N
rcatherickrq@google.de,Raynard,3/15/2022,Package F
pomullenrr@yelp.com,Paolina,8/16/2021,Package D
